,date,review,rating,isEdited,title,userName
0,2021-09-15 04:15:23,"Trying to activate OneToken after downloading the app. Several attempts wasted with error message. Called customer service. First they tried to pin on the device. Hello both my iPhone and iPad are up-to-date. The the customer was blamed ‚Äúbecause you tried so many times‚Äù. The reason why customer has tried so many times is obviously that he/she does not succeed in the service activation in any of such attempts. Shouldn‚Äôt app quality be questioned instead of customer? Proposed solution: to remove the app, reinstall in half an hour. Will update if this works.",5,False,Disappointing app and customer service,Dragmos
1,2023-02-19 00:27:14,"Genuinely surprised to see this app having such a high rating. However upon looking through the reviews, I realised that there are many reviews voicing their frustrations only to have a 5 star rating pinned to it. Perhaps users aren‚Äôt familiar with the rating system. Anyway, this app is really unreliable. A common issue being‚Ä¶‚Ä¶.app is not able to load at all, and if it did, another issue users might face would be the app being ‚Äòtemporarily unavailable‚Äô. In the event that users finally manage to enter the app, there will be times where users get logged out almost immediately due to ‚Äòlong periods of inactivity‚Äô. Truly dysfunctional. Whenever I intend to make a transaction via PayNow, I always check this app in advance as i truly have no idea when there would be errors in logging in (which then affects whether I am able to PayNow). This app has been problematic since forever so i‚Äôm really not sure why it hasn‚Äôt significantly improved i mean isn‚Äôt the loading of the app and the log in something BASIC? I‚Äôm not even talking about how user friendly (or not) the app is, or about how the app could be potentially lacking in terms of features, or about the layout of the app etc. I just want the app to be FUNCTIONING in the first place",2,False,-,cheeseburgerspy
2,2020-12-03 03:46:44,ÂÅ∂Â∞îÁªèÂ∏∏Ëá™Âä®Êõ¥Êñ∞‰πãÂêéÊó†Ê≥ïÁôªÂΩïÔºåÈúÄË¶ÅËÄêÂøÉÁ≠âÂà∞Á¨¨‰∫åÂ§©ÊâçËÉΩËß£ÂÜ≥,4,False,‰ΩøÁî®ÂÅ∂Â∞îÈÅáÂà∞‰∏ÄÁÇπÂ∞èÈóÆÈ¢ò,Lyyyyuo
3,2021-07-27 10:09:03,"Overall it does what it says on the box. However recently I have an issue. I use an OCBC debit card but I cannot see the breakdown of my transactions, making it impossible to track spending and manage my budget. I could see all these before the update. Am writing here because I can‚Äôt find a ‚Äúask support‚Äù function in the app.

Update: after contacting their customer support via their in-app secured mailbox, I‚Äôm glad to say the issue has been resolved! They were prompt in their responses and fixes. Very grateful.",5,False,Fixed: Cannot access money insights,BooBecca
4,2022-05-05 17:35:00,"Been waiting for years to install this app after seeing so many bad reviews. Then come news about OCBC wanting to stop the use of physical tokens. I thought that OCBC has finally over come the technological barriers to bring forth a stable app. How wrong of me. Installed on 19 Apr 2022 Tue, and tried to activate the OneToken (the replacement for the physical token) on the app. Unsuccessful. After going through days of trying, 5 customer service personnels, and references of my case to the technical department, I still failed to get the OneToken up and running. 

Oh wow!! How patient I am!! But now I have given up, and asked the customer service personnel to close the case even when the problem is not solved. I have since uninstalled the app.

This app still need more work to it to be fully functional. ‚Äî 5 May 2022 Thu

Update: Something I left out. For those who are concerned with privacy, should note what this OCBC banking app does.

1) It wants to know your location when you are using the app.

2) It wants to know your location when you are NOT using the app.

3) It will scan your wifi network when you are on wifi.

That‚Äôs a lot more than other banking apps I‚Äôve used before.

‚Äî 6 May 2022 Fri",1,False,Updated: App Not Ready? ‚Äî 6 May 2022 Fri,YesImStillUsingEmails
5,2021-06-03 13:45:10,I recently upgraded to another iPhone and the nightmare started. I tried to activate the one token on the new phone but was told to deactivate first on old phone. There is no option to deactivate on the old phone! Called customer service but not much help !! Now I‚Äôm stuck ! I can still access my account from my SIM-less old phone but can‚Äôt do anything on the new phone ?!,5,False,Not so friendly after u upgrade to a new phone,Dadoo1234
6,2023-08-17 10:13:33,"The recent decision for this app to scan your phone for third party apps is at a best a misguided attempt at protecting the vulnerable from harm, and at worse a violation of the end user‚Äôs basic privacy. 

To require deletion of third party apps before being allowed to use the app is such an out of touch decision, making the lives of people who use such apps knowingly and securely all that much harder. A pity since this app was very useful to have. An alternative approach would be instead to not _force_ deletion, but rather make the user aware, and allow them to continue their transaction at their own risk. 

On a more emotional front, being treated like a fool who requires constant guidance and protection doesn‚Äôt sit right with me.",2,False,Recent Security Changes,Hitlers nut
7,2021-06-02 04:04:34,"1. OneToken issue:
 I was prompted to enable notification upon logging in. After I clicked the ‚Äúactivate‚Äù button, ‚ÄúOCBC OneToken has been set up on your device.‚Äù appeared mysteriously on the screen.

2. eStatement password
1) I downloaded the eStatement from mobile App. When I tried to erase balance using iPhone in-build Apps, password was needed. However, after I entered the password, it‚Äôs said to be invalid.
2) I tried to reset it on mobile Apps according to the instructions given on OCBC website but the system kept on telling me that there is an error, without specifying what the error was.
3) I called OCBC customer service, it took sometime for the officer to figure out that ‚ÄúPassword can only be changed from internet banking on computer‚Äù. I followed the steps instructed by the officer to change the password and used the new password to enable editing of the eStatement that was downloaded after the reset of password, it did not work either. It took altogether 45 minutes for the customer officer to troubleshoot and guide me through all the tedious and illogical steps on internet banking and mobile Apps, nothing worked at all.",1,False,Worst ever banking Apps,SLXJ5
8,2021-01-11 02:07:47,"Looks like I‚Äôm not the only user encountering this. Changed to a new device and OneToken doesn‚Äôt work at all, apparently I needed to authorise it using my old phone, which thankfully I still had, but that function didn‚Äôt work too. I was asked to request for a new hardware token just to activate the app on my new phone. And THAT didn‚Äôt work too until I was told to delete and reinstall the app. 

All told I needed to call their help desk three times over two weeks and be put on hold for 15-30 minutes each time. And wait for the new hardware token to be delivered to me. 

And like someone pointed out - this is a single point of failure. I ran the risk of not paying my bills on time while I was trying to sort out the above. The hardware token is rendered useless while the mobile token is activated. 

The app team needs a severe rehaul of the UX/UI design. This experience is enough to make me consider switching banks. I was prepared stay loyal to OCBC even with low interest rates because that can‚Äôt be helped - but this incompetence cannot be explained away.",1,False,Change new phone - complete disaster,Monkeyshouldersprain
9,2023-10-10 15:10:13,"Hi! Ever since OCBC Pay Anyone app been removed, I have been using this app more often for the purpose of scan & pay. Is it possible to add the feature of toggling to hide or reveal the account balance? 

Also have the balance hidden first after login. If a person wants to view then click to reveal. It will be great to add this feature as I believe that most users do not wish their account balance to be seen by someone else, esp someone unknown. Thank you for reading my suggestions. üôèüèª",4,False,Privacy,Ginseng888
10,2022-04-25 06:15:20,"Unable to transfer to payee  successfully despite using passcode and OCBC providing a auto-message to say looking into it. 
And it is irritating to have to confirm the scam alert notification for every log in . Please do away with the repeated acknowledgment. It shd be like T&C where it is confirmed one time only
And please ‚Ä¶ you even restrict the nickname ! It‚Äôs a nickname and I have to try so many times cos it‚Äôs already taken?! üôÑ",5,False,Process,P250422
11,2023-12-05 09:00:51,"I just wanted to open a savings account using my existing customer profile. However, I faced an error on the OCBC mobile app stating that I‚Äôve already opened an account when I haven‚Äôt. I called the customer officer hoping to get some help but without advising me what I can do online first, the customer officer just tried to brush me off by telling me to go down to the branch. We are living in an advanced technology era. Why the heck do I need to waste time to go down to the branch just to open a new account? Then what is the point of having this online application for account opening when it doesn‚Äôt even function well. DISAPPOINTING!",1,False,Very terrible service,Pearl97234
12,2022-12-31 00:38:18,"The new UI requires more steps to transfer to a given UEN. Worse, the reference text (now somehow called Message) does not appear editable (no blinking cursor, I had to try typing something to test, poor choice of widget) and cannot paste text from elsewhere into it. It is very inconvenient because sometimes the other parties require to indicate the invoice number for example. Last but not least, this text message does not show in the post transfer screen so when it is shared with the recipients they can‚Äôt tell if it has been done correctly.

The old UX is way better.",1,False,Don‚Äôt fix things which are not broken,From Vietnam
13,2023-01-06 07:56:03,"iPhone13 on latest iOS crashes after latest update, very slow, crashes often, network connection problems, can‚Äôt use it to do simple transactions like pay bills or even send feedback. Weird blank pop-ups with words ‚Äúobject-object‚Äù. The previous update was much easier to use",5,False,Latest update doesn‚Äôt work,spinnej
14,2020-12-28 11:53:55,"Can‚Äôt seem to change to sign in on my other mobile. Keep asking me to use one token if I don‚Äôt get the otp but the one token can‚Äôt even work via the mobile app. 
Kept on deleting app and reinstalling it many times. Worst app ever. And no matter how many times I update my phone it still doesn‚Äôt sent me my otp on my mobile. 

Really need to look into getting a professional app developer!",4,False,Horrible experience,jck ccc
15,2022-02-10 16:39:32,"App doesn‚Äôt load pass the splash page with the OCBC logo. It hasn‚Äôt been able to load for 2 weeks now and it totally wrecks chaos to my mobile internet banking activities. What‚Äôs worse is i can‚Äôt even login via their webpage as i need the authentication from the app. There seems to be no urgency from the bank to solve this problem as i‚Äôve seen several reviews with the same problem. It‚Äôs utterly disappointing when a bank like them can‚Äôt even deliver their brand promise, which is to truly understand the desires and needs of their customers. Now that‚Äôs Simply Spot On i say.",1,False,App Hangs On Splash Page,658abgfd
16,2023-01-13 15:34:42,"This is such a trash app, already feedback sometime ago but there‚Äôs still no action taken to rectify it. We desperately need to have the transaction details for bank transfer done !!! what‚Äôs the point of keying in the details on your message column which only the payee can see but we as the payer can‚Äôt see it when the bank transfer is completed !!! How else can we know what we‚Äôve paid by bank transfer when there‚Äôs no transaction record !!! pls URGENTLY rectify it !!!! This is the 2nd time that i‚Äôm reiterating this issue, pls do not make me reiterate a 3rd time !!!",1,False,No transaction details on bank transfers done,Janysg
17,2024-01-16 14:39:17,"-One view and money lock information/sections taks take half of the beginning of the screen when we click on what you have section. Those items should be temporary or move somewhere where it does not disturb navigation. (Before it was only oneview but now with moneylock it‚Äôs just too much information cluttering the screen)
-360 percentage Interest earned each month missing in the app
-Dark mode not supported
Thank you for improving the app",3,False,OCBC Review,Snakito
18,2023-08-05 05:25:56,"Can you please improve the reauthentication experience? When I relaunch the app after a while, I was asked to authenticate with Face ID, after which, the app told me that my session has expired and ask me to auth with Face ID again (even though I‚Äôve just done that a minute ago). Once I‚Äôve done that, I‚Äôm brought to the main screen, which is frozen. I had to kill the app and restart the whole process. In general I had to log in with Face ID 3 times whenever I relaunch the app from the background.",2,False,Reauthentication needs improvement,Shing L
19,2023-05-24 02:57:20,"I want to do something as simple as changing the account name so I can sort out the multiple accounts for me and my kids, but there‚Äôs NOTHING on app that informs me, I had to look all over the app, and there isn‚Äôt even a help on mobile. Why is this simple function only available on desktop? It should be something made easy for users to achieve on mobile.",4,False,Ux is good but..,bitterjo
20,2023-01-02 08:16:41,"The recent update for OCBC digital, has a pop up security message and I am unable to click ‚Äúproceed‚Äù due to the enlarged message size, neither am I able to scroll it down. The phone model that I am using is IPhone SE, please have it fix asap as I uses the phone app to do bank transfers. Thank you",5,False,Latest Updates With Bugs,Ssmartie
21,2023-09-26 10:38:51,"not sure why the payanyone app is removed since Oct 23. the only benefit of a separate app was so that when making payment for instore purchases, there‚Äôs no need to open the main app which shows your balance to possibly the queue behind you. i assumed that the main ocbc app would mirror this by allowing you to select paynow before logging into your account, yet it does not support QR. huh?? integrate all its function if you wanna remove payanyone.",3,False,defunct payanyone app,x xx xxx xxxx
22,2023-08-23 13:13:24,"Functionality works fine. But lacks in user friendliness. Lacks with native iOS experience.

Eg: every time have to scroll to the bottom to choose the accounts after coming back from accounts detail page.",5,False,Overall all the functionality works,sathya-$$
23,2023-10-05 11:52:59,"Everyone should read the 5 star reviews. Many of them are 5 stars but details the app as terrible. Don‚Äôt be fooled by the 5 star ratings.

A fundamental job of the app is OneToken.

If you exit the app without logging out and you request a one token authentication - once you press the notification instead of being able to authorise the transaction you are greeted with a notice telling you you have been logged out instead.

This bug has been present since 2000 (and god knows how long before that). Such a fundamental bug that disables a key function of the app and it not being fixed shows you their properties.

Meanwhile they are overzealous about warning you of scams - you can‚Äôt disable the notices even though you‚Äôve read it over and over. There is a fundamental disrespect for the customer in this regard. We are not all fools.",1,False,Terrible app terrible bank,Neekchan
24,2022-12-27 11:23:12,Don‚Äôt know what happen to the apps‚Ä¶ nowadays it takes quite a long time to load the apps and got kick out frm the apps a few time‚Ä¶ it‚Äôs quite frustrating especially when I‚Äôm using the QR scan to make payment or withdraw money‚Ä¶ I‚Äôm like holding up the Q‚Ä¶,5,False,Very lag and takes long time to load,MSG Lover
25,2022-08-20 03:04:55,"OCBC Digital apps is perfect.

Would like to suggest highly negative rating and unpopular ‚Äú OCBC Pay Anyone ‚Äú apps to be scrapped and that function should be included in the ‚ÄúOCBC Digital ‚Äù apps. 

This will more appropriate to use only one single Apps as ‚ÄúDigital ‚Äú rather than two separate apps way more than unprofessional and unproductive.",5,False,OCBC Pay Anyone apps merge with OCBC Digital,Not-so-Old-man
26,2021-04-26 13:06:14,"App‚Äôs great. But recently am not able to log in to check bank balance, etc. Error message kept asking to check internet connection. But the same problem kept recurring regardless on data or wifi. But able to make transfers from the quick click option on the main page though. Pls advise :)",4,False,Error,fairyha
27,2023-02-22 14:06:38,"this app loads EXTREMELY slowly. sometimes it doesn‚Äôt even load the login page for me, and i am unable to login and use paynow or any features. this does not correspond with my internet connection or maintenance periods, since even when i have stellar wifi and am using the app on non-maintenance periods, the app still runs slow when it is supposed to work fine. how can i use this app if i cannot even rely on it to login? please optimise your app ocbc!!! users need to be able to login properly to even use your app!",1,False,app loads slowly,K4G4MINEWRLD
28,2021-09-01 13:41:52,"As per title. After asking for face ID it just keeps spinning for about half a minute, then showed a blank screen for half a minute before showing the summary page. Make a transfer to my own account and takes another half a minute, then suddenly tells me the internet appears offline. Transferring to my goals take more than half a minute each. The app takes so long to do everything it's practically not usable.",1,False,Every page takes at least half a min to load after updating to 14.4,rebekahgkh
29,2023-01-09 01:51:17,"Currently the transaction happened thru credit card was counted twice in the money insight. All the transactions are already reflected in the details and the credit card bills are also counted again, pls look into this.",5,False,Transaction thru credit card counted twice,zeroinjbhvcfdwasrco
30,2021-06-30 02:40:29,"There is no option to redeem the bond amount via mobile app unlike the UOB mobile app, it can be done on the go(anytime, anywhere). The current option to redeem SSB is to do it at the physical ATM machine which I feel is really inconvenience.  Please improve in this aspect for the convenience of all OCBC users like myself. Thank you.",5,False,Redemption of SSB,thjhbjb
31,2021-03-16 07:04:40,"I am using iOS 14.4. Whenever I went to check transactions on this app, the phone gets super hot within a minute and battery drained 3% in just less than 2 mins of usage. Please fix this as I am not intending to purchase a new iPhone just because of this heat issue.",5,False,Phone gets extremely hot,-KTH-
32,2021-06-29 07:58:23,"The title says it all. Every bank app can probably perform the same tasks, but the OCBC app does it in a simple and intuitive manner. You will probably not switch your bank because of an app, but if you already have an OCBC account, please consider using the app. It is great. Thank you.",5,False,Best User Interface Design,Maverick-Boy
33,2023-10-04 01:52:37,Have been using the apps for many years.. the initial response is still quite good.. but lately the app always kick me out saying idle for too long which I pause using only for less than 1 min to look at the notification from my phone after I completed an operation in the app.,4,False,Getting slower and hang more often,Christina Chaw
34,2021-02-08 22:12:32,"The screen and phone will freeze sometimes when using the app. Cannot do anything for a good 60 seconds. Need to keep trying to do a forced reboot of the phone before the phone re-boots.
Assessing Other banks app do not have these problems ..",5,False,screen and phone freeze,Addict candy
35,2023-08-28 03:07:18,"App getting longer or cannot load in at all.
Cannot do fund transfer sometimes or many times finished fund transfer then cannot check balance in account. Last time never like this. Why this app getting lousier??",5,False,Can‚Äôt load in,Ilovecurry79
36,2023-04-07 06:53:12,This problem is made worse when it‚Äôs lunch hour rush and I need to make payment via it‚Äôs scan and pay function. The loading time makes it look like I‚Äôm using a dinosaur phone.,5,False,App loading is comparatively slower than other apps.,Aholalallaa
37,2023-04-11 13:29:12,"The app is laggy, and now the comment box for
Transfer - you tried to make it fancy, but it is so user unfriendly. I can‚Äôt reject suggested auto fill- and it includes a special character which you do not accept. I tried to shift the cursor to the special character to delete but could not be done. Please don‚Äôt be fancy if that means basic functions removed.",3,False,Updates with worse features,Tottochan9
38,2020-12-02 12:18:35,"I have been using the OCBC app on my mobile phone and today when I tried to login, it prompted that onetoken has to be reactivated on my device and proceeded to attempt to load. Then I kept getting the same message that the service is unavailable. For the whole day????",5,False,Is OCBC onetoken down?,Aidylrocks
39,2022-12-31 16:34:01,"It‚Äôs no longer possible (or I‚Äôm missing a trick) to add comments via copy and paste for things like reference numbers. Would be nice have this feature reinstated again. 

Does what it says on the tin but I still find the best user experience to be with DBS mobile app! Would be nice to see OCBC step up to the plate in a more meaningful way other than just looking nice(r)",3,False,Latest update is missing a few creature comforts,Teemeerteeth
40,2023-02-17 16:27:36,"The app always freezes with a white screen when I put it in background. Also, was trying to check on my credit card details when it became white screen again.",5,False,App always hangs with white screen,Yikster
41,2023-12-04 10:33:26,"When their web site login triggers a 2nd factor authentication, the app can‚Äôt proceed by presenting a ‚Äútime out‚Äù error. No other local bank apps has this problem. 

I tried to use it to pay my bill via AXS app, and again the same time out problem. Now I am stuck and unable to pay my bill. 

I really wonder what kind of testing was before they released it.",2,False,The only local bank app that can‚Äôt even get the basic right,limfangwu
42,2021-01-13 07:56:34,Managed to activate onetoken on new device smoothly. UI is straightforward to use and can get a glance of everything at summary view. Can improve on loading speed as sometimes loading of details may take a bit of time.,5,False,User friendly,Shokutten
43,2023-01-27 04:11:52,"It‚Äôs been quite often the app doesn‚Äôt work be it using 4G or my home wifi at full strength. It will try to login and display internet connection isn‚Äôt good error which is definitely a generic error as I am using home wifi 

It‚Äôs frustrating and I suspect the app is unable to handle multiple login requests at the same . You want reliability in app and I like to add all the fancy pictures and UI doesn‚Äôt help in any way for me to want to use the app. 

 please check.",1,False,App doesn‚Äôt load most of the time,jeffrey ow
44,2020-12-02 03:51:20,What a joke. The OneToken doesn‚Äôt work. So I reinstalled the app after trying unsuccessfully no less than 9 times to re-activate my one token. Now it‚Äôs asking me to use the physical token that I stopped using more than a year ago. The battery is dead. The account access is dead. The App is dead! What a bunch of losers trying to be hip and digital. Gosh!,4,False,WHAT? To use physical token again?,Not Dependable
45,2023-04-02 01:06:40,"I used to pay my SP bills via their app using linked OCBC credit card. Payment confirmation was received by sms. Now after the recent update‚Äôs confirmation is done via app push.
As a result, payment transactions are never complete and displayed as in progress forever.
Please test integrations carefully before introducing such braking changes.",3,False,Broken payment confirmations after last update,Bakanych
46,2022-08-07 06:41:45,It takes FIVE days to get a response which is a little too late when we need to apply for a time-based promo. Rates are not updated in real time. This is NOT acceptable. How to trust if I‚Äôm getting best rates when I use online application?  Is it so hard to just pick up the phone and give me a call instead of ding donging messages and hiding behind this App if you simply cannot get what I had raised. Poor service level. Up to 4-5 messages now - I don‚Äôt have the time to do this with you OCBC ! My time is PRECIOUS.,1,False,Disappointed,Love from Singapore
47,2023-10-16 01:08:40,"The ease for the use of the digital world. OCBC makes Islamic Banking and finance easier than ever before. It battles the munafiq state and In Sha Allah better the lives of everyday Singaporean, Malaysian,Indonesian,Modern day Burma. And most and foremost Vietnam and Greater China for greater days ahead. Warmest regards Encik Muhammad Afiq Bin Mohd Arshad Bin Ibrahim Bin Abdullah / Mr Keling Long Le
Love for the sake of Allah SWT and Rasulullah SAW. In Sha Allah.",5,False,The application makes Islamic Accounts,Mysterychamp
48,2024-02-02 03:34:27,"For a bank that claims to have great CX and human interaction, they are not very humanize. Can the app stop asking me to activate the money lock? Who the hell use moneylock in a bank?? If people has that much money to lock it away, they will put it in a secret vault, not in a digital money ‚Äúlock‚Äù. Give customers to disable these messages. I don‚Äôt need the feature now, I probably won‚Äôt need the feature 5 mins later. Also, there is a negative review with negative words but a 5 stars? Obvious a fake review",1,False,Annoying messages,bidutse
49,2022-05-16 17:48:32,"Reset the phone, changed telco. Singtel, M1 & MyRepublic all unable to login most of the time. Only home wifi works. Tried two different phone issue persist. 

Scam alert feature should be able to turn off after few reminders or have the option to manually turn off. The app is already not loading properly on mobile data, the scam alert feature makes it worst. Overall crap experience on OCBC app. POSB/DBS is much more smoother.",1,False,App extremely slow on mobile data.,Melvin's iPhone
50,2021-02-05 16:43:54,"One token has big defect that if old device is not available or old device can‚Äôt update to latest app version, you can‚Äôt do any transactions on other device! Will consider other banks due to this troublesome design",5,False,Seamless but buggy one token authorisation,Lee Nemoke12345
51,2022-02-03 09:40:37,"Displaying the scam alert on EVERY login serves no good than to waste ~5seconds of our lives per login.
How many times will the user need to acknowledge the message before they can learn?
Will they recall better on the tenth times than the first?
Everyone will just scroll straight to the checkbox and get it over with.
Worst is when you have a new notice, and the hardened users will just treat it like the previous one, and skip ahead.

Perhaps a short quiz after the alert will be more productive, or even just showing it only on the nth login is will be sufficient as a reminder.

I‚Äôve always love your app, but this is beyond stupid.
Do follow the best practices and provide an option to skip it on subsequent login.

I‚Äôll move to another bank if this continues on the next app update.",1,False,excessive scam alert in login,engbooi_
52,2024-02-08 00:26:24,"Kudos to the OCBC digital team for your most excellent banking app. User experience is top notch and your feature rich suite of services obviates the need for analog banking. A suggestion - if you could enable card loyalty point redemptions on your app, that would be amazing. Thanks and well done.",5,False,Fantastic UIUX,ElizabethB23
53,2024-03-18 10:16:05,"Ocbc called me i lock out from my login page. To check whether the transaction is fraud or not. You can simply locked my account and i have to wait for 12hours. Now is more then 12 hours and I can‚Äôt even login to my account!!! Now i‚Äôve tried to login many times cannot login. Expect me to go down to branch, expect me to have my token. I have bedridden father at home. This is such a hassle for me!!! THE WORST BANK EVER! Since i have to rate i give it 1 star. Prolly 0 is what i wanted to give",1,False,"IF THIS IS MY PERSONAL ACCOUNT, DO NOT ANYHOW LOCKED MY ACCOUNT",Cvndee
54,2023-09-21 22:53:21,"Many features, too many such that it can be difficult out to navigate around. Core functionalities like finding out credit card transactions are hard to find. Very slow rendering of pages relative to other mobile banking apps. Not a good user experience, in summary the slow and unintuitive navigation makes it an app that requires much patience to use",2,False,Too many good-to-haves without fulfilling basics,isryanalreadytaken
55,2021-02-19 02:34:32,There is no option to add/delete credit cards in the Pay Bills section. And the shortcut buttons should reflect what the user used most. The Pay Bills icon appear on the starting page but not after login. User needs to tap 4 times to get to Pay Credit Card subsection. And there‚Äôs no customer feedback link in the app... which is unusual.,3,False,Improvements needed,youtrip user
56,2023-04-01 04:04:54,"My one token is unable to send push notifications (no notification at all even when i opened the app manually)  and resulted in me unable to pay for some online stuff. The reminder on bill payment is also gone, causing a late fee which cannot be waived after the update of app.",3,False,Push notification all gone,JaronK
57,2024-02-01 13:36:37,"Using VoiceOver. Under the investment sub menu, I used to able to see the different investment options under the investment sub menu. However, now voice over can only tell me for different options as sub menu items. So there is no way for me to tell what is the investment options in the particular sub menu",3,False,Problem with using VoiceOver,Bat66422
58,2023-02-09 00:07:39,"The ocbc app had been updated in terms of colour scheme and layout. The good thing is that there are more icons/graphics, however the colour of like grey against white makes it difficult for readers with poor eyesight. I also noticed the fonts become smaller..
If we are encouraging more users to use the app, pls make the option of fonts available and contrast of fonts with background more obvious. Thank you.",2,False,User experience,1/Em/1
59,2023-02-11 13:28:28,"First is getting password is so troublesome and need access key - these measures are just too much.

Recently went backwards by removing ability to put comments or manual notes and only allow preset notes - I used to use OCBC and the app to make transfers and I need to make notes that appear per line transaction which doesn‚Äôt appear now really one step forward 10 steps back

Pls do landscape study with Uob/DBS / Standard Chartered that are faring much better",1,False,OCBC post saga too many problems,Don Liu
60,2020-12-02 04:52:39,After an update 2 days ago i cant even open the app anymore. Keeps showing the message ‚Äúretrieving ocbc onetoken‚Äù over and over but i cant access my account!! This is very troublesome and is disappointing!!,5,False,Cannot use anymore,Vinsanity xxx
61,2023-01-30 14:18:12,"For many tasks, the app now shows a warning screen to warn about scams. This screen is NOT scrollable, and take up the entire screen on an iPhoneSE 1st gen, with only the very few pixels of the top of the dismiss button showing which is nearly impossible to press. This blocks some important functionalities of the app. 

Very bad user experience with this warning screen implementation. The rest of the app, while somewhat sluggish, are still usable on these smaller devices.",1,False,Practically unusable on iPhoneSE 1st gen,UnhappyUser2023
62,2024-01-12 13:23:21,"OCBC banking app is not only user-friendly, it‚Äôs safe , simple & easy to use , it‚Äôs so much better when comparing to the other local banking apps , keep up the good work , keep improving on it & stay on top of yr competitors!",5,False,Best local banking app so far to date !,Sngsteven
63,2020-12-02 16:10:27,"app was already worst in the first place now even worst. uninstall and install multiple times not working!!!

my phone become extremely hot whenever i launch in the ocbc app and batt will start to drain!! 

im not the only person encountering this issue",5,False,APP KEEP HAVING TECHNICAL ISSUE,Hyra R
64,2022-10-28 01:48:33,"The number of times this application has failed me is really frustrating. First, the fact that I had to wait for 20 mins just to get a OTP pin so I can scan and pay for my food is already frustrating enough. Infuriating as it is, the numerous attempts I tried again was already making my blood boil. Disappointingly enough I ended up not being able to purchase anything. This is the WORST application ever, UNRELIABLE and I‚Äôve had enough of this.",1,False,"Worst, unreliable banking app",Whejkdjfkkcckk
65,2021-11-24 05:54:51,"Am I the only one whos transactions load in super slowly?? Like for example i would purchase something in an online game on my phone, and it literally takes days or weeks for the transaction to load in. I don't see a refresh function on the app so I don't know what to do... The only thing that loads in fast is deposits when I go to the bank machine..",2,False,Issues with how fast transactions load in,how can liddis
66,2021-04-27 10:52:28,"Every time I try using the app, it would say temporarily unavailable. Please check your internet connection and relaunch the app. Did that, did not solve the issue. Reinstalling also doesn't work.",5,False,Unable to use the app,VermilllionS
67,2023-12-28 10:42:10,"Hi OCBC Dev team, the functionality for showing the full details for credit cards got broken in the recent versions and transactions are not named. Pressing on the ‚Äúshow full details‚Äù option does not work for showing the named cards‚Äô transactions. This makes it hard to check for unauthorised use. iOS 16.7.2 , on most recent ver. 18.8 of the app. Thanks.",2,False,See Full Details option for Credit Cards not working,J_A_Potato
68,2022-12-24 18:02:10,"I see that after the app update, the feature that allows users to include small notes about their paynow payments is gone. Kindly bring back this feature so that it is easier for customers to validate each outflow of cash. In making changes, pls don‚Äôt make it harder for customers to check their account transactions by dropping payment details.",1,False,Bring back option to include details about the payments made on the app,missinrin
69,2024-01-11 11:56:24,Yesterday I can scan QR to pay now and today can‚Äôt even scan. It‚Äôs really embarrassing to hog queue when it‚Äôs suppose to work. Even the basic functions to view accounts gets stuck with blank screen need to restart a few times the app to get it to work. Just horrible to the point I am thinking to close off OCBC account as it worries me if I will be able to get money out one day when the app just breaks,1,False,App just gets more and more unstable,HonestNinja
70,2022-02-25 09:28:49,"I have not been able to login to ocbc app lately. I use iphone ios 12, and after the app loads and opens all i see is the ocbc logo in the page as if it is going to load the page. But, nothing happens after that point; not even like it is hung; just that page. I don‚Äôt know what is the issue. Haven‚Äôt been able to login to my online banking for a while now as if i do so from the laptop too it asks for app otp or app aunthentication!",1,False,App not accessible,sheeja ocbc mobile banking
71,2020-12-04 08:05:21,It is best if you could improve by sharing image after done the PayNow or bank transfer instead of we have to screenshot the whole image rather than just sharing the texts that we have transferred the payment. Like how Uob does.,5,False,Improve sharing image,monaliza said
72,2022-08-20 16:23:17,Restrictive and slow. Unable to transfer to my related accounts even after daily limit has been activated. Lousy,5,False,Change of transfer limit,shitsystem1
73,2024-02-15 15:45:12,"new joiner trying to open an account. cannot access banking on website and app because the process has many tokens, pins, and card numbers to be consumed, all for different purposes. Activating a pin for online banking got logged out. Help line redirected to bot, which redirects to online form which said cannot log which directs to bot again. stuck and no help. waste of time, please help me close my account  thanks",1,False,onboarding process have to be relooked,Darren Josiah
74,2023-08-13 05:09:58,"Amazing fast service by OCBC Tampines branch. Went to branch to open account at 11:00, got number at 11:10 and by 12:00 noon the account was opened also they gave me physical debit card and internet banking activated. Thank you OCBC for the speedy and hassle free process.",5,False,Superb service,DhiruBhaiShah
75,2023-10-02 05:23:32,If you are taking away OCBC anyone app and want us to use OCBC digital then please let us hide our bank acc financial info‚Ä¶or at least let us go straight to scan to pay instead of show my account balance another info when open this app.,3,False,Can‚Äôt hide account balance when open this app for pay now,Sam NTH
76,2023-02-01 21:44:11,"Ever since the app got upgraded to the new ui, i cannot paste text on the Add Message field when trying to do a transfer. Pls fix this as sometimes we need to add account numbers in the comments especially when transferring to robos or other trading apps",3,False,Cannot paste when trying to add message on the transfer,suz ng
77,2021-06-02 08:38:44,"The App was so lagging on old phone where other Bank app can work smoothly on old phone. 
Some time have keep error and have to uninstall and reinstall, and I have to login to PC for transactions...
OCBC as a large cooperation, I am really disappointed of their standard to have such software development to design the app which have caused so many issue and so lagging in the old phone.",1,False,The App from time to time will have issue and so lagging in the old phone.,Donald60448
78,2021-05-02 05:01:01,"The app used to be great, I was able to easily check my balance etc. However, its been almost a month and I couldnt access it. It kept on saying I have internet problems even though I do not. Tried to install & uninstall the app multiple times but to no avail. Please fix this issue, I see other users experiencing the same thing as well.",2,False,App keeps on crashing,zeer2457
79,2020-12-28 17:01:22,"Cant manage to log in on new device after changing phone, found out its bc this onetoken thing can only be activated on one device. Cant figure out how to deactivate it / reactivate on new device. When i clicked on ‚Äúmanage onetoken‚Äù on the app, no actions could be taken. Called bank a few times too but always busy. Server on application also always states that its unavailable, always asking me to try again later....",1,False,OneToken is bad,1'nsokznw$:
80,2024-01-26 02:08:50,I tried downloading the app since two hours ago and it is not able to be downloaded. Ridiculous when I can download other apps.,5,False,Can‚Äôt even download,grckoman
81,2020-12-13 14:20:49,"Is there a new IT team? App performance getting from bad to worst! OCBC app to be good many years ago but lately it has been so buggy and problematic. In terms of intuitiveness, responsiveness and logic of app design, other banks are surpassing OCBC. Do the team even test the app out whenever they roll out something new? I‚Äôm writing this review with frustration now as the OneToken is not working and I basically cannot perform any banking as the web version requires OneToken too. This is horrendous for a highly digital era.",1,False,Getting bad to worst,Jolynlip
82,2020-12-06 09:55:26,"Mobile and online banking all depend on the one token, creating a single point of failure. This failure has been total, tantamount to the bank closing down for a few days, locking out access to our funds without providing an alternative. 

By denying access to all banking functions, money has been locked up without the customer‚Äôs permission, the bank has failed at the very basic premise of being a bank.

How will anyone ever trust that the online banking platform again? 

That‚Äôs without considering all the people who were inconvenienced, even embarrassed when they had to explain to others why they could not send the money cos ‚Äúthe bank app failed‚Äù. 

Yah right... 

So the only question left now is how will you make this right?",1,False,Catastrophic failure of app,Teksei
83,2021-06-17 12:41:15,"Kindly see to this matter ^ sometimes it takes really long for me to launch the app, and I need to retry multiple times. There are times the app crashes too. Please make the customer experience more seamless!",4,False,Occasional crash/ slow loading,pokerfacedcustomer
84,2021-02-22 18:05:15,Just to share. Recently I‚Äôve upgraded my iPhone. Unable to login to my account even when I‚Äôm using the browser. So I try to delete the app & re-downloaded it & now I‚Äôm able to login. Smooth transaction so far.,5,False,Changing phone,mercy86
85,2023-02-20 16:33:48,Recently can‚Äôt login to homepage. Keep hang on the login page or turn white blank page. Tried many days but still the same issue.,5,False,Login unavailable,Kelinspace
86,2024-02-27 10:49:27,"It would be fantastic if the recents tab under Paynow have the option to instantly delete recent payees. 

It is so annoying to have a big list of recent payees just there, I hate it when there is something I can‚Äôt clear. 

Please do look into this, thanks",3,False,"Better UI please, waiting for next update",Fujaniztaki
87,2021-04-15 11:57:32,Not sure when it started but it doesn‚Äôt work and hasn‚Äôt for years now. Even when I update it. I try to press abt button and it does to a completely blank white screen.,4,False,Haven‚Äôt been able to open it for years!,Myoyoyo
88,2021-04-26 13:17:45,The app keeps crashing every time after I login. This has been happening for the past few days. Is there a maintenance or something?,5,False,Issue logging in,Suj71989
89,2022-07-07 04:15:44,"The functions of the app are very comprehensive. However, there have been many occasions where the loading takes quite a while and it eventually logs out. I hope this can be improved to provide a better user experience. The convenience is great!",3,False,Unstable connection,onelegkicking
90,2020-12-03 09:34:34,Freaking frustrating experience. Up to now I can use the app on my new phone bcoz the otp cannot be generated via the new phone. The button isn‚Äôt working. Same as the above user,5,False,Same problem. Lousy app cannot use on new phone,Missgacc
91,2024-03-18 08:22:56,May I suggest to put back display of the day of the week like before when setting a future date for bill payment/transfer as we may want to avoid weekends.,4,False,Missing feature,lijunsiyuan
92,2023-07-16 07:56:19,"I just bought iPhone 14 pro max and the ocbc app is updated to latest update, yet when I open the app, it says pls use the latest version of the app, when click ok, brings me to App Store which shows its updated to latest version but still can‚Äôt open!",3,False,Updated but can‚Äôt open?,niskkk
93,2021-05-05 05:55:30,The app has been crashing since last week and there‚Äôs basically nothing I can do to transfer my funds via the app. I can‚Äôt even login,5,False,Can‚Äôt launch the app,Andykkg
94,2022-02-02 05:04:20,"Despite updates and bug fixes, the OCBC app leaves much to be desired. Simple reliability is not in-built - many app crashes and disability to launch. A half-baked banking app that heats up my phone to temperatures akin to the surface of the sun - why? I don‚Äôt even think the developers know. OCBC, follow the lead of the other banks and put investment in your mobile app. It‚Äôs the time of digital banking so get your act together or lose your customers.",1,False,Poor reliability,Snakesontheplane
95,2020-12-02 14:14:42,"since yesterday l, I cannot access my online banking... the ocbc application is not working and not logging into my account.
Causing so much trouble as I cannot access  my funds to online transaction",5,False,IOS LOG IN,Kim tolentino
96,2021-01-03 02:04:23,App keeps hanging like 5 out of 10 times that I open it. I have accounts with DBS and UOB and none of their apps hang like OCBC... DBS app use to have this problem but I guess they‚Äôd fixed it. Please do something about it asap,5,False,App keeps hanging,bdhxhd18726
97,2023-09-29 07:51:35,The OCBC bank app is the worst banking app I have ever used. It keeps getting stuck as soon as I enter it every day. It is not smooth at all. I can‚Äôt get out of the interface after waiting for a few minutes. It just keeps going around and around and I don‚Äôt know what to do! Can you put your heart into making your app? The bank is so big but so poor that the app is not willing to upgrade,1,False,Worst banking app,fxxk the Uber eatÔºÅ
98,2021-06-06 08:07:57,So many clicks to get a transfer or payment done. No favourites or shortcuts to make regular payments/ transfer easier. Have my feedback through phone and it was useless. Words are too small.  You can see where their focus is when new updates keep adding new bloat but not actual improvements.,2,False,Poor UI and experience,DGking83
99,2023-06-08 12:50:47,"Poorly designed and buggy app. I don‚Äôt understand why I have to scan my Face ID twice, once just for opening the app, and another time via singpass. Seems like the first scan is unnecessary as it doesn‚Äôt do anything. Lately, I can‚Äôt even log in, as the first Face ID scan will revert me back to the login page in a never ending loop.",2,False,Extremely buggy,Damiangjy
100,2022-01-27 05:37:04,"When internet is not strong, it will appear detected new device and required to activate one token again and again. No one going to improve this. I‚Äôm so disappointed on OCBC apps developers.",5,False,Worst apps ever,gfhdtxtctrgsgfd
101,2023-01-09 16:52:36,"Change new phone, and prompted on new phone by app. It was asked to reactivate and I did however the app has keep detecting new phone and wanted me reactivate One token which caused alot of inconvenience. Not sure is it because I‚Äôm using physical sim and esim at the same time so whenever simcard switch on and off it trigger this issue. I did not face any issue with other bank tho. Please get the IT team to solve this issue asap.",1,False,One token issue,unknown user for pages
102,2022-12-08 03:41:09,Cannot find where to change the transfer limit to other account.  Only can change paynow limit ..,4,False,Change transfer limit,Rachelleesb
103,2022-01-19 02:24:41,I‚Äôm just curious is there only 1 person working in the customer service sector in ocbc or what? I called for 1h+ and there was no one to pick up the phone and this happened to me for multiple days. It is seriously frustrating and I don‚Äôt have all that time to wait. No wonder people using ocbc always get scammed because the customer service takes forever to contact,1,False,Customer service,Shangguanxiai
104,2021-04-29 09:25:36,"This app is generally stable and useful (other than annoying SMS otp verification multiple times for the same transaction).

But with the latest update to iOS 14.5 the app doesn‚Äôt work anymore on my phone. There‚Äôs a message asking to connect to internet, and then promptly the exit screen comes up saying session lasted 9 seconds.",2,False,Stopped working with iOS 14.5,I just bit the apple!
105,2022-09-03 09:52:19,"It used to be fine, but ever since the anti scam notice update, the app has been slow and buggy. After FaceID verification the loader doesn‚Äôt move away which mandates an app restart, and sometimes certain menu options cause the app to load non-stop.",3,False,App is getting slower by the day,StevanusS
106,2023-09-22 12:06:55,It‚Äôs super lousy that such a privacy app can‚Äôt provide a basic feature where allows users to hide the amount balance‚Ä¶  you can image that every time you use this app to paynow to others and the very first thing you login is it will show the amount to anybody that glances at your phone‚Ä¶,2,False,Can‚Äôt hide the amount balance!,Johnny Ln
107,2023-03-19 10:11:22,I am not sure whether it‚Äôs only from my part. I see that the account balance is not updated on spot whenever there is a transaction. The account balance shown in app is different from the actual amount shown at ATM.,3,False,Is there a timely update on account balance?,ajraldev
108,2020-12-07 14:27:52,"OCBC banking app for IOS is generating excessive heat on my 12 pro max. The phone heat up instantly after opening the app without even login in.  It can go up to as high as 45deg C when I measure surface of my phone physically.

Please look into the issue asap.",5,False,Heat issue with the app,@$$CK$$@
109,2021-04-02 20:53:29,Why can‚Äôt we view shares holdings under OCBC securities and insurance plans in Great Eastern under this App? This gives a better overall picture of clients wealth with ocbc group.,5,False,Wealth app should see all holdings across ocbc group,Live price
110,2022-10-03 22:30:18,"Until today almost 1 month passed since my application on 10 Sep, yet I‚Äôm still haven‚Äôt received my Online Banking details. Total of 16 working days passed. Promised of 5-7 working days has missed, and so the promotion period until end Sep22 has missed, 

Given up for such lousy OCBC customer service, with only option to call the bank for you to call and wait for nothingüôÉ",1,False,Slow,Louis.loi
111,2022-03-23 02:20:31,"The mobile app is so buggy and usability has not improved over time. I can be trying to submit a transaction and suddenly, I‚Äôm logged out for ‚Äúinactivity‚Äù. This happens to be multiple times, or when I‚Äôm trying to do something else in the app. How frustrating is that when you‚Äôre trying to do something simple yet the app doesn‚Äôt allow you to do so?",1,False,Tons of bugs in the app,Feeefiz
112,2020-12-03 04:20:25,There must be a reason why this app receives such a low rating... I don‚Äôt believe it until now. It is really the worst online banking experience I ever had.,5,False,Cannot log in,bourne007b
113,2020-12-07 13:49:02,"A very horrendous banking experience here, not just digitally. Same as some of the many people here, i was being told by the contact centre that they will solve my issue and get back to me. It has been three weeks but no news. In addition, during covid phase 1, i wanted to do housing loan repricing. But i was told by the housing loan side that due to covid, they are not able to respond so fast. Wow! I thought it is the best managed bank during covid as you all call it?",1,False,Inefficient bank,the most inefficient bank
114,2024-03-19 05:26:11,"Every time I tap the app it just shows me the OCBC logo but not opening at all,  I've deleted and downloaded the app few times, every time when I downloaded and it works for me to use once after 2nd attempt when wanted to log in it hang again. Seriously what is happening?",2,False,Take longer time to open the app,KCIU516
115,2023-04-18 04:11:03,"It is perhaps the worst banking application I have seen in Southeast n south Asia. Very limited features and payment options, Ltd peer-to-peer options, limited consumer payment options to merchants example top ups to prepaid cards et cetera. Navigation of the application is horrendous. Better to use other Singapore banks which provide a lot more features and are extremely easy to use for consumers. This app is a waste of time!!",1,False,Horrible,007sid
116,2021-06-27 08:29:16,Changed of iPhone. Nightmare begins just to activate OneToken on new iPhone. Keep saying need to deactivate old device and activate on new device. Successfully activated with received sms new 6 digit number but bloody OCBC screen is blank. Exit n reboot 10 times still the same stupid blank screen. Email and sms received successfully activated. Now I can‚Äôt even perform desktop online banking etc‚Ä¶ bloody app & programmer.,1,False,Unable to activate OneToken,vtack58
117,2021-05-06 00:40:14,"Since mid of April , whenever I open the app I get a pop up message saying that push notifications feature is up and running and when I press ‚Äúokay got it‚Äù button I get a message saying that ‚ÄúSorry we are temporarily unavailable . Please check your internet connection ! ‚Äú 

Tried reaching to customer care via email , no response either !",1,False,Unable to launch the app,Vader2019
118,2023-02-25 09:41:27,I would like to pay my due payment on easicredit there is no direct way to pay it.,5,False,The payment is disappointed,Tonite up hill hunt tiger
119,2022-12-27 00:36:02,The app load very slow whenever accessing the page. Not sure it is because of the transition effects but logging in is even worse. Sometime loading for the transaction history will get time out and require to login in again too.,2,False,Slow loading,Steven Soe
120,2021-12-07 04:03:21,Great system and even know which policy is due for payment.  Easier than PayLah! Must transfer $ forgot my passwords as different ones between Their system,5,False,Pay GE policy,movnow
121,2021-02-11 10:30:39,"You got to fix this bug for IPhone , I can‚Äôt even login to check my basic OCBC. Please do and fix it . Is been so long and this bug is not recovered ?",5,False,Not able to login,Misaki.Aoi
122,2021-10-25 14:21:46,Changed phone and the one token is a nightmare. Keep asking me to deactivate it on the old phone but unable to. I ended up deleting the app on the old phone after trying to figure out the problem for v long. Had to change pin because need to log in to activate one token on new phone. End up unable to as it does not allow me to. So irritated with this. Please upgrade your platform.,1,False,Horrible,tzl89
123,2021-06-23 13:01:33,"The previous version was working very well. Beside the change in design, which i can't say is an improvement, there is no improvement in functionality. Except maybe the fact that it now hang all the time. And when it does work, it is slow. ps. i do miss the pie chart. Update. New version still crashes all the time. Thanks OCBC",1,False,Never experienced a bank app that broken,KT Goh
124,2022-01-08 13:26:52,"Actually with the recent increasing scams from OCBC , I was quite sceptical about the security of this digital application. Other banks have implemented MFA login on their app as additional security layer, wander if OCBC wouldimplement this feature on their app?",5,False,Security of the OCBC digital app,rjh40
125,2023-09-12 08:03:01,Today I am unable to make payment to pay another bank‚Äôs credit card in spite of multiple tries whereas I was able to pay my bill using another bank‚Äôs app. So it‚Äôs really your app problem. And twice I tried to report this problem using secured mailbox but your stupid app just close before I was done typing!! So frustrating!,1,False,What‚Äôs wrong with your app?!?!,foologic
126,2023-03-15 02:49:40,"Recent notice mobile banking app idle session hang at blank screen. Or direct from website url open mobile app in blank screen. It is not as smooth using the OCBC digital mobile.

15 Mar, still as bad. Mobile app Login, then move to another app & go back app (definitely not idle session timeout) is a blank page/screen. Troublesome‚Ä¶.",1,False,Mobile app login session management or u get a blank screen mobile app,Zpop88
127,2022-01-29 13:42:20,The option to register for Touch ID log in never works on the app I tried multiple times but everytime it reaches the page to submit it hangs. Till now I am still unable to do touch id log in for my ocbc accounts app.,3,False,Register for Touch ID never works,Ohusayso
128,2022-08-29 05:05:26,No option to see credit line like earlier,5,False,No option to see credit line like earlier,PatSing
129,2021-10-08 01:43:23,"My iPhone 12 Pro Max gets very hot near the cameras when using this app. 
Seems like it is a common problem and I‚Äôm not sure what is the issue. Have no issues using the app itself, interface is good and convenient. Just concerned with this overheating.",3,False,Phone heats up when I use the app,kk_chan
130,2023-11-26 01:05:10,"I‚Äôm been using this apps for more than 3 years. And don‚Äôt know what happened after now days white blank screen after processing to transfer page can‚Äôt do anything hang there very long, refresh the app still the same, uninstall and reinstall back still not working well.",2,False,Ravenü´£,ravenz70
131,2023-03-31 06:49:05,Love the savings account features. Really teaches me discipline to save my money before transferring to different accounts. Thank you!,5,False,Savings Account Feature!,ceejaynn
132,2022-11-28 23:28:39,"For a banking app, this app is unreliable. It is a concern that basic functionalities such as viewing accounts and balances, transfers do not work quite often, with spinning wheels and timeouts on a quite frequent basis. I have to login again and again and it‚Äôs a complete waste of my time. 

No point focusing on the app design and adding new features when you can‚Äôt do the banking basics. Hire better engineers.",1,False,Terrible app,cheng krang
133,2024-02-03 05:02:17,"I had gone trough customer service to reset my online banking pin but after a few days again I cannot log in my OCBC app. This is so frustrating. Even my facial recognition is not working. 
I even tried to delete the app and redownload it but still no respond üò°üò°üò°very angry",2,False,Kept unable to log in app,HowPopeye
134,2023-10-31 23:31:32,"I just recently applied OCBC credit card. But credit card not listed inside the app! I cannot find my credit card activities! I just login and saw the credit card rebate, then after a few clicks I cannot find anything related to credit card already. Where it gone?? Frustrated using the app",1,False,Why credit card not listed in the app?,yyyyy ?????
135,2021-09-25 17:08:29,"Will have to quit and restart the app after each transaction e.g. Credit card payment, adding payee",5,False,App blanks out after every transaction,famfamfammm
136,2021-01-12 16:09:59,The app gives a blank screen every time I try to login on my iPad. I can‚Äôt do anything with it. please fix this bug!,5,False,App on iPad login has issues,JL-Sg
137,2024-04-05 12:52:46,Hi recently update the festival video inside the app make it so laggy when start the app!!! Previously the app no video in-built running is fine..,5,False,Please fix the lag,A|phaTan
138,2024-03-31 11:20:07,Now I can‚Äôt make online payment because I receive no push notification for transaction authorization. And unfortunately there is no other way to manually approve or switch another means such as SMS or email‚Ä¶ Please fix it ASAP!,2,False,Push notification for transaction authorization not working,Aiort1223
139,2024-02-02 10:13:23,It‚Äôs just unbelievable to see this app with high rating. Failing to register the PayNow after trying so many times neither on the App or via SMS. Called the customer service she is not efficient not humble also not able to resolve the problem. I will give no star to this extremely poor customer service quality.,1,False,Crappy customer service Awful App,Maxx pan
140,2020-12-08 07:16:00,Absolutely in hate of this app and OCBC personal mobile banking. I have not been able to access my account via mobile or laptop for 3 days now. SORT IT OUT NUMPTIES!!,5,False,Mobile app rubbish,Timbo 444
141,2021-10-13 00:37:05,"Could not find the option to increase the daily limit. Should improve, increase on the functions and simplicity.",4,False,Increasing Transfer Limit,Raymond Gan
142,2022-03-28 14:52:24,Especially when accessing app functions or starting it,5,False,Very slow speed of app,sunnyboy88889
143,2022-12-29 02:02:59,"I reported the issue on 24 dec 2022, I
was upset as my mobile banking activity was disrupted & worse still, online banking using computer also not possible. Such awful experience is totally unacceptable.

Can‚Äôt open the app after update (17.0)

I am still not able to open the App after your latest update (17.0). Very frustrating experience. Please fix my issue as soon as possible.

Fyi, I once had the similar issue with shopFarEast app and my issue had since been fixed satisfactory. I am very impressed with their competency & they have also proven to me that they are dedicated & reliable.",1,False,Can‚Äôt open the app after update (16.9),Lucky-Monkey
144,2021-11-04 03:33:20,Scan to pay on home page is brilliant!,5,False,Convenient to use.,Rndteo
145,2021-10-28 01:48:00,"I like how OCBC is always up to date with its festival theme. It is something I look forward to everytime I open the app. Besides that, the app is super user friendly.",5,False,Super thematic,Juliengan
146,2022-07-06 22:56:20,Tried to make a transaction via PayNow but was logged out 2x. Was able to do so only after the 3rd time.,5,False,Keeps logging out.,jer loong s w
147,2020-12-02 14:28:51,"Tried calling the helpline, was made to hold for almost an hour. Was told they have problem with mobile banking on iPhone since yesterday and there is no solution yet and the IT Dept is still working on it. No solution for customers which needs to do online banking urgently.. great for OCBC with with IT capability for not solving such major problem after 2 days. Thumbs down",1,False,Mobile Banking down for 2 days since 01 Dec 2020,byebyeOCBC
148,2023-09-25 23:34:07,"OCBC PayNow app will be decommissioned and we are forced to use the OCBC app. But once I complete the paynow, it brings me to the main account balance page where my account balance is showing up in font size 60 for everyone to see. POOR design for PRIVACY. I prefer the original OCBC PayNow app over this a 100% more!",2,False,No option to hide account balance,Just another person....
149,2022-07-28 23:18:22,If the payment amount is changed than it should stay the changed amount. Instead it was brought back the original amount when I input the debiting account,3,False,Payment,useruob
150,2021-07-25 05:57:54,Find your website is easy to access & make payments,5,False,Easy Payment,Loureen Wong
151,2021-12-04 09:50:33,The app always make my hp get very hot n it drained my battery really quick‚Ä¶ and sometimes it just shuts down my hp when i just start a transaction. But otherwise its easy n convenient to use.,4,False,Draining hp battery.,rossa Azzul
152,2021-01-12 01:50:37,Straight forward design with all the key features easily accessible.,5,False,User-friendly design,Ajita01
153,2021-02-13 08:13:27,Similar issue to everyone else. When you switch to a new phone. It seems like the app doesn‚Äôt work on the new phone. We cannot use one token neither can you log in to the app. The login notification doesn‚Äôt appear when you log in therefore you need your old phone to manually generate otp. This bug needs fixing.,2,False,Mobile otp,YouMeAndDaryl
154,2023-06-28 02:24:32,"OCBC is bad. My Intermet payment constantly declined, each time i need to spend time on phone to fix it, and often they say will be fixed within 2h but it is not. I am moving to a Digital bank. OCBC and UOB are obsolete.",4,False,terrible,Solo59
155,2024-02-20 06:41:47,"We are using this to pay on the go and forcing people to frequently update each time is stupid. Imagine having a line of people waiting for you. When it works, it‚Äôs a serviceable app but frequent updates render wonky slow unresponsive versions. Security updates are fine, your CNY graphics is not.",1,False,Stop forcing people to update before use,disquieting
156,2023-10-02 10:46:05,The ‚Äúslide to pay‚Äù feature is not voiceover friendly. Kindly implement a button for visually impaired to double tap to trigger the paynow function. Please ensure all images & banking functions are voiceover friendly for visually impaired. Thanks!,3,False,Improve banking functions for more accessible for visually impaired,Karakid
157,2021-05-05 14:23:22,"Please add an option to add credit card from other banks. Even when you login to the web version, it crashes half the time and you are not sure if you made payment. Worst part is, it doesn‚Äôt remember my credit card!",2,False,Credit card,gohhengtee
158,2021-01-20 07:07:00,Why does the app makes my phone heat up the second I open it?? It heats up really fast. Sometimes I login to check my balance only (can be done within seconds) and it leaves my phone hot for minutes. I really don‚Äôt get it. This is a bank app. Pls get your IT to check and improve?? Cut down on unnecessary stuffs from the app.,2,False,This app makes phone heat up,Zzzzzzzzzzzzzzzzzddd
159,2023-11-30 13:22:51,"OCBC app became so slow and laggy after updating it! Even after killing app and opening again multiple times still so slow! Then got error message which said undefined and I saw blank spaces in my account page! What you all doing?!!
Don‚Äôt make us update the app to make it worse!",1,False,Even worse after updating app don‚Äôt update!,Chua HC
160,2022-08-03 07:40:38,Hang after forced to updated the app. Can‚Äôt login with my SingPass. Feel like closing my account,5,False,Worst than other online banking apps,SK ee
161,2023-07-11 08:39:56,New function to allow users to receive the notification but I can‚Äôt even click it to allow? It becomes blank page when I clicked on it? Then what‚Äôs the point for this new function??,2,False,Manage deposit e-alerts but can‚Äôt even click?,mznchusofksbdjak
162,2021-01-04 07:00:26,Blank screen after successfully logged into the apps....???,5,False,Blank screen after log in,Yappy2011
163,2021-02-07 10:37:19,"Had switched from iPhone 6 Plus recently to iPhone 12 Pro Max. Till today, I am not able to login even once using the new phone despite of following the instruction given by OCBC to de-activate the one-touch on my iPhone 6 Plus. This issues was lasting for more than 2 months and seems no solution at all. Please take it seriously to fix the bug for the user.",1,False,Unable to use online ibanking,Axtle
164,2023-11-27 15:27:02,OCBC should really conisodwr accepting more QR codes for scan to pay option‚Ä¶DBS is more accepting for QR codes payment unlike OCBC very dissatisfied experience,5,False,Why doesn‚Äôt support many QR codes,Shubhiprasanth
165,2020-12-04 15:36:28,"The app is down since three days before and there is no sign of back to life. Basically the app function is linked with online service, so no remote operation on any functions, everything is dead. Need to let customers know when it could be normal status!!! Cannot believe a bank like OCBC can do things in this way! Regret choose this bank!",1,False,I don‚Äôt want to give one star even,rainyrainytainy
166,2024-01-03 16:49:57,"Always make unnecessary improvements but in fact made end user experience worse. Tried to make payment via axs mobile and link to ocbc app, wasted 15mins of my life logging in & out of ocbc 5times or more. End up always have to use dbs app to pay and transfer $$ back to ocbc.",2,False,Useless app,Milos365
167,2022-09-21 10:35:27,"I executed a transfer of USD in my OCBC global account to SGD in my 360 account. However the exchange rate shown is SGD to USD, and not USD to SGD. This doesn‚Äôt make sense since when I am transferring USD to SGD, I need to know how much SGD I will get when I transfer a certain USD amount.",4,False,OCBC Banking App Design Doesn‚Äôt Make Sense,Stupid Not
168,2023-12-01 04:00:57,this apps it‚Äôs so freaking annoying why‚Äôs always lagging when I want to paynow or transfer money to someone im in hurry but it‚Äôs so freaking slow and keep loading sometimes it can‚Äôt be press what‚Äôs the hell it‚Äôs wrong there‚Äôs no update too,3,False,Lagging,kzzwood
169,2022-03-24 07:15:06,"Has always find it risky but now after one try, really enjoy banking anywhere. Thank you ocbc",5,False,First timer,cheoktan
170,2023-09-28 04:44:57,I have not been able to find the progress of the monthly bonus transactions. It is easy on the desktop but is it available on the app?,3,False,Bonus transactions,Birch forest
171,2023-07-28 12:33:18,"Tried to open an account but kept getting stuck at scanning bottom of ID, tried to move the card around to minimise glare and better lighting but still can‚Äôt get it to scan. Is it better to just allow the user to click and snap the picture themselves?",1,False,Stuck at scanning bottom of ID,Tanch87
172,2023-02-14 13:59:49,"Every time got to setting, need to press left top corner. Those common setting should be available on first page. Not really care abiut ‚Äúinvestment‚Äù, which is available always at bottom‚Ä¶ the design of app is not customer centric but how to attract more investment from customer",2,False,Not used to it,ZHW129
173,2023-01-15 23:04:28,"Seems like the entire loading has become so much slower in terms of loading since you upgraded to your new interface. Do have a look , it‚Äôs got worst over this weekend and even this morning ‚Ä¶hope you all quickly to something about it. Thanks.",1,False,Slower with new interface,Imp168
174,2021-04-10 08:02:32,No close button...,5,False,Cannot go back to the internet banking screen after opening an estatement(PDF),mochapple
175,2021-02-11 02:00:20,"OCBC used to be a pioneer and a leader in ibanking and user friendly banking interface. Since a few months ago, it just dwindled into a app with the worst OTP implementation ever. You‚Äôd have to open the app and click on one token to get your OTP. It is even more hassle than receiving an sms. I hope ocbc fix this fast before even boomers forsake using your service.",1,False,Worst OTP implementation,Bushopper
176,2020-12-28 13:17:20,The app gets slower after an upgrade. Always take almost 10 secs to even load my account details. Sometimes paynow will stuck and don‚Äôt even know if the transaction has gone through. Please work on the response time of the app when a button is click. It‚Äôs way too slow and non-responsive.,1,False,Terrible loading time when accessing the app,weyneveready
177,2020-12-20 05:33:02,"The OCBC app requested me to deactivate my old OCBC app on my previous smartphone. The problem is, I how am I supposed to deactivate the app in my previous smartphone when I have reformatted and deleted all of my apps and contents in my previous smartphone. I have no issues on setting up my DBS and UOB apps banking-tokens in my new and current smartphone. Only OCBC app has this issue. Please rectify this troublesome issue in your app, OCBC.",1,False,Cannot login into the OCBC app.,zizouman1978
178,2024-02-16 12:06:10,"Must enable push notification in order to commence using the app after login page. First time i see a banking app have to force usage of notification, no option to reject notification. So must manually go switch it off. Please have better user experience for us by providing the option to reject these at the start.",1,False,FORCED TO ENABLE PUSH NOTIF IN 2024 update,@trade
179,2024-01-01 03:08:08,"The holding time duration for hotline call-in submission of fee/ interest waiver is very short and seemingly deliberate‚Äîif I don‚Äôt have my physical cc with me, I‚Äôll need to toggle back and forth with the OCBC app to key in the 16 digits, but the manner which the holding time is configured, which is short shrift, gives the impression that OCBC is dismissive about such submissions. Lousiest impression of such customer service.",1,False,Fee waiver submission time duration,myk2010
180,2022-06-28 15:20:37,"Easy to use, features are intuitive. Less steps to get to what i need to do. Good experience",5,False,Ease and intuitive,sky&june
181,2023-11-22 22:47:13,"Can you please fix your bugs & glitch, i was in the middle of payment when the app shut down and the next minute i could not even use its QR pay!",3,False,Glitch and bugs!,DilaNabila
182,2023-02-09 04:04:54,"App is so slow! The laggiest banking app compared to competitors. Made me relocate my account to other bank with smoother and faster app.

OCBC PayAnyone app also worst! App froze at welcome page, cannot even do anything! Ended up deleting the app on my phone. 

I have updated both app to the newest version, but apps still lag. With all the money that you have, please IMPROVE YOUR APP!",1,False,Lag,Seriesgirlfanatic
183,2021-08-14 11:46:50,"Please improve user interface , not so friendly.",5,False,Feedback,Renee Jasmine Chua
184,2023-01-01 01:15:06,"Much cleaner, n easier to use. Good upgrade!",5,False,The new change in user interface is so much better!!,Yingzpiration21
185,2021-06-17 10:30:38,"after i view the e statement where to find the back button? i have to shrink and expand the page and it doesnt work all the time, ita reall frustrating to use this app, could u just copy dbs app? don‚Äôt try to be focus on aesthetics, an ugly app with an intuitive UI is better than a sleek looking app with a non intuitve UI, the UX is one word FRUSTRATING",1,False,where is the back button,unhappyUOBCust
186,2024-01-07 09:02:13,"UI is not user-friendly, keeps prompting me to update my email address even though I had updated multiple times. There isn‚Äôt a way to skip that step or get out of that process. As a result, I can‚Äôt even do a simple transaction since it keeps asking for me to update my email address.",1,False,One of the worst banking apps,a_silent_e
187,2023-01-05 04:41:02,"I can‚Äôt seem to use the pay anyone app to transfer funds n it‚Äôs been days 31-5 Jan isn‚Äôt it a bit too long for system maintenance n they inconvenience that it has brought to user 

I have to go to an atm to withdraw the cash to transfer to my other bank acct for payment, when ur system is not working.",1,False,Pay anyone or Paynow,@fatbaby
188,2021-01-12 06:26:57,Easy to navigate around the app. User-friendly.,5,False,User-friendly,GeraldNgYH
189,2022-08-31 14:13:13,"constantly with the bugs with the app. can‚Äôt use because of maintenance all the time, some services the app can‚Äôt fulfil and you have to do it during 9am-6pm. sometimes some functions are not available. overall a very unstable app it‚Äôs getting very annoying.",2,False,Bugs,Amirah Hanif
190,2022-03-21 20:05:28,OCBC Bank App works better with a secured latest iPhone SE device. Sometimes you cannot blame software is hacked or faulty. Have you really secure your hardware on your part.,5,False,PANDA Review1,Rick Tan Chun Siong
191,2024-02-26 05:27:52,"Not sure if I‚Äôm the only one but the app loads really slow when I‚Äôm trying to make paynow transactions, especially when there‚Äôs a queue forming behind me at the shop. Seems this happened after the major app update.",2,False,Extremely slow,wyltan
192,2023-01-27 13:35:08,"This app is getting worse.. from the original app which is good fast n stable , it became always say login fail and no internet access or it will just crash . Whenever it say no internet connectivity ,  all other banking app works jus fine . Always need to close the whole thing n restart the app‚Ä¶",1,False,Getting worst,BK.koh
193,2021-06-17 01:15:41,Very convenient and user friendly,5,False,Mobile banking,en nkn
194,2022-02-17 05:33:07,"Wanted to change my mailing address. Was not able to find it on the app. 

Credit card pin? What the hell is this. Why it has to be so fussy to activate mobile token. If it‚Äôs Debit card pin then I can understand but why credit card you need a pin. So troublesome.

OCBC really didn‚Äôt give a good banking experience. Learn from DBS please.",1,False,Lousy app and troublesome baking procedure,Han_god
195,2023-10-05 04:50:36,"After OCBC paynow payment made, transaction wording and figure is too small for merchant to see.",5,False,Paynow receipt figure size too small,Bybyekejn
196,2021-06-16 13:01:22,You should allow a paynow mode right on the login page for easier and faster access into this payment mode like those at DBS ibanking ie scan & pay function.,3,False,Enhance paynow option,WYY74
197,2021-02-14 06:51:52,Changed my phone and I am no longer able to log into the ibanking app because the onetoken does not work. Neither can I log in to the online ibanking. I cannot to verify my device as the sms and pin option is always unsuccessful. So now there is no way for me to even access the bank...,1,False,Cannot even log in,Cats1223405
198,2023-11-02 04:51:35,"The useless ""your session has expired"" and ""how was your experience "" popups render the app unusable for online payments where a notification is sent for transaction approval... Tap on the notification to approve it, but you get one or both of the popups instead. Zero thinking went into designing this flow... ZERO!",1,False,horrible behaviour for online payments...,MoonshineSG
199,2023-01-23 04:39:10,"Very bad UI and UX , the transfer is not intuitive‚Ä¶ unable to select which account I am transferring from within a screen. Even after transferring, the amount don‚Äôt refresh accordingly, I have to quite and restart the app. This Makes mobile banking a bad taste.",2,False,Version 17.0,WeRule player
200,2022-07-28 11:09:20,The transfer of money hang when do to people I know,5,False,Problem,Benjamin180861
201,2022-11-02 02:20:32,"After the FaceID, it flash the summary page for a split second and the screen turn blank. Been 2 weeks and the customer service I called said that they never heard of such incident before. Submitted a feedback form to OCBC, hope this can be resolved asap.",2,False,Blank screen,Hyjjo
202,2021-01-19 02:39:52,Download app to see the queue status using more services and press EasyQueue before going down to physical branch,5,False,Able to get EasyQueue without Having to login,bontakunkun
203,2021-04-12 01:27:27,"Interface is user friendly for non-tech savy people. However, would be better if can include more functions like available on ib.",4,False,User friendly,Jlee0862583
204,2022-04-05 02:55:49,"Not I can‚Äôt use my desktop pc, one token activate in mobile phone",5,False,Not friendly,joo tn
205,2023-10-08 09:10:57,It would be great if there‚Äôs an option to disable the fanciful transition and animations when opening the app. A much faster startup would definitely benefit the already-fast pace of transactions.,3,False,Excessive fanciful animations at the startup,Tacuh
206,2023-09-26 10:16:16,"After the latest update, I cant even use the app at all anymore. I have activated FaceID multiple times. And now after scanning my face, it just hangs on the ‚Äúhello‚Äù page or prompts me to log in again with my user and password. After I tap on ‚Äúlogin‚Äù it once again hangs there. What‚Äôs the point?!",1,False,Terrible log-in process,liewyile
207,2022-12-30 14:52:01,"App is very slow since the recent update. The revamp layout is missing some information, e.g credit card accounts. Only can see transactions and this does not give a complete picture. Prefer the old layout.",1,False,App very slow and does not show credit cards account,suggest 99
208,2022-12-30 07:25:25,"No sure why recently it comes with the new transfer UI which is a bit messy and not clear comparing with the old transfer UI. Not sure why ocbc not going to improve the app launch performance but keep adding some stupid idea like this, poor product team they are.",1,False,The new transfer UI is really sucked,need to review first to use
209,2021-06-14 13:48:30,"Been trying to activate the Face ID but somehow app never recognised. Other than that it has been a good app, minimal issues. Would have given 5 stars if not for the Face ID token issue.",4,False,Issue with Face ID token,Joojk
210,2021-06-12 02:37:24,"Menu is not intuitive for first time users. It takes abit of navigating to find things like one token set up and figure out how to transfer with ‚Äúfast‚Äù as we don‚Äôt see the word ‚Äúfast‚Äù. Once set up, its okay.",3,False,Menu bar,ben-ü§ñ
211,2023-06-17 21:09:13,"Hi, 
      I just update my OCBC app and it is not working now. Previous version was working good. The face reconization after click then just nothing happen. Tried token also prompt me not available.
     Kindky advise",3,False,Latest app cannot use,plylim11
212,2021-01-12 07:08:39,Happy with the new enhancements. Friendly and easy to use,5,False,Friendly and easy to use,Agnes Yo
213,2021-03-18 11:12:06,"I am using iPhone 12 and on latest ios 14.4.1.  Even with the latest version of the app and iOS, using this app for just a min will heat up my phone. It will take several minutes for the phone to cool down after killing off the app. 

This problem has happened for a number of months already. Please fix it.",1,False,iPhone gets heated up,AlwaysGood2Go
214,2020-12-04 16:47:20,Your activation is not successful. After trying 10 times I still cannot activate my new phone. Then somehow it activated at 12:47 am  WTH!,5,False,The worst,HolyKIka
215,2020-12-02 00:38:40,They encourage digital banking yet they cant even get an app right. Embarrassment for a bank this big and dominating. Shows how useless and not trustworthy this is. I will close my bank account soon enough at this rate. Crashes every single time i log in. Sick of downloading and deleting this app over and over again.,1,False,Worse app. Terrible. Deserve to be taken down.,screwocbc
216,2024-03-23 14:51:31,"Everything is so unintuitive. Didn‚Äôt understand how my card worked at all and ended up incurring hundreds of interest fee over a few months. There‚Äôs many apps for you to refer to in the market, maybe take a look at how they work to make your app less confusing to use.",1,False,Worst banking app ever,miki minach sg
217,2023-08-17 12:57:17,It has been a week since i last had this issue. I have been trying to Paynow through UEN to make payment. I am unable to do that since a week ago. So much trouble to withdraw from atm and deposit into other banks in order for me to make online payment,1,False,Cant transfer funds out,supert00t
218,2022-07-28 01:40:15,"Very lousy n not efficient. In the past using local transfer function can use SMS to authenticate the transaction now changed to token method. Very troublesome. When token not suddenly not working, all payment delayed cause us additional charges and still need time to go request for replacement.",1,False,Token require for 2nd time authentication,Shogen79
219,2021-11-21 11:48:13,have to exit app and re-login multiple times just to view my accounts or do any form of transactions. Very frustrating. All the app updates can never fix the backend connection of the bank app to their server. Just terrible! same for ocbc PayNow. Just gave up on that too.,1,False,Poor app - very frustrating.,evecqh
220,2020-12-18 13:07:21,After you switch to a new phone the OneToken can‚Äôt be activated. Followed all instructions and the help desk can‚Äôt help.,5,False,Worst banking app among all,Artjohn
221,2021-04-04 05:42:47,"Whenever I try to login this app, it will show me blank page. Have to try and try few times then can login. When using halfway, show blank page again. Wonder if the app has been hacked ??? Can help to resolve this issue? It is very frustrating to use.",2,False,Many issues,Beautiful78
222,2023-06-09 07:42:58,Fast and convenient!,5,False,Transfer to local,R chiar
223,2023-12-12 22:49:34,"If I could give it zero stars I would. They still haven‚Äôt not fixed the push notification glitch. After forcefully removing SMS OTP for online transaction at least make sure the freakin push notification to authorize is working, I mean come on. It‚Äôs been weeks now and still no fix?!",1,False,Terrible,AurellaElqenna
224,2023-11-04 08:29:00,"This is a regression bug, Pay Bill can only pay from main account, it unused to be allow user to select credit card also.",1,False,"Pay Bill can only pay from main account, unable to pay using credit card.",WeeChua
225,2022-08-01 04:54:59,Process is easy but no way to save often used uen,5,False,Can be better,Hanny Tidore
226,2022-06-09 13:30:54,Easy to navigate and hassle free. Very well thought through and very customer friendly.,5,False,OCBC digibank,Jeftancc
227,2020-12-07 05:53:46,"Hi, this app cause iPhone 12 pro max to heat up. I have tried several times and confirmed that my phone heated up every time I accessed OCBC app though I have upgraded to the latest version.
Please fix it ASAP. Thank you.",4,False,Heating iPhone 12 Pro Max,Hello2hello
228,2022-02-13 03:54:22,"This app will not work with Singtel, it will cause the spinning wheel and just freezes, hence you are seeing so many users feedback of slow performance. Once I switches to m1 it will be fine. Can you get someone locally to test your application?",2,False,Not working with Singtel Mobile,Reject this!!
229,2021-09-28 11:37:11,"Unable to authorize OneToken on my new phone and worst of all, couldnt even get things logged into my apple watch OCBC app. Whenever I want to activate apple watch, it appears nothing but a blank white screen. Fix la please. 2021 already but IT Developer team cannot make a basic app for consumers? POSB and UOB are doing so so much better than you guys please. Buck up.",1,False,Buck up.,Jimlembuu
230,2021-04-23 04:40:28,"After I close the pop-up on push notifications by clicking ‚ÄúOkay, got it‚Äù I get this message saying that the app is temporarily unavailable and to check my internet connection and relaunch. I‚Äôve done all of that and still getting the same error message. Lousy app.",1,False,Can‚Äôt access the app,lizardtan
231,2020-12-19 18:38:03,"Unable to add a new payee for bill payment despite the successful addition of a new payee. When I tried to add the payee again, it states ‚Äòrecord already exists‚Äô but I do not find the account in the list of account payee I have added.

Took me more than an hour to pay a bill and worse, the issue still persists. OCBC please do something about this. Thank you",1,False,OCBC app,norification
232,2023-08-09 02:39:33,Loading is slow. Interface is not user friendly. Cluttered with a lot of features that most people do not need.,3,False,Slow and cluttered,ericbkj
233,2023-08-31 09:06:45,"Super user unfriendly. I had a super hard time locating my e-statement and super hard time retrieving my transactions. Not to mention finding the transactions history for the past few months. üòì

Would appreciate if OCBC can do something about it as I would very much like to stay with OCBC. Perhaps can learn from DBS. üòÑ",1,False,Not User Friendly,connector user
234,2023-08-14 01:42:22,Caught by surprise I cannot use the app as oCbc was ‚Äú aware‚Äù some apps on my phone was not from official play store. I have to manoeuvre differently and that caused me some down time in my business.,3,False,Sudden change in security policies,yellofins
235,2021-09-14 12:58:57,"Even after upgrade to the latest version, this lousy app still cannot even reach the login screen. Screen keeps showing blank page, once a while show the OCBC logo, then blank screen again. The login screen did not appear ?",1,False,Cannot reach the login screen,JackNgCH
236,2020-12-03 00:29:58,"Everytime you update your app, you can never login properly... this time around it kept saying ‚Äúloading your previous token from this phone‚Äù and then it doesn‚Äôt work at all......this is the 2nd day, and because of this token issue, even logging in from the browser is a headache!",1,False,"Every update, you can‚Äôt log in properly",latchhandmade
237,2023-11-15 01:14:25,There isn‚Äôt a function to check my last login date and time. This would allows user to know whether any illegal log in was made. POSB has that which is very useful.,2,False,No last login date & time,Tony micron
238,2022-12-11 10:58:20,Front page loading and log in takes longer than other bank apps.,3,False,Login take too long,robertchew
239,2023-08-08 16:08:43,"Truly haven‚Äôt seen a worse app than OCBC, compared to all the other banks. Not only do the transactions don‚Äôt tally with estatement (missing some) when clicking all, it is constantly loading. Please fix your app, your competitors are way ahead of you.",1,False,Bad UI and long loading times,buggyrat
240,2023-07-22 15:36:32,It was very easy to do pay now,5,False,Easy to transfer,Geetha Nambiar
241,2022-09-28 09:58:00,The security of the app is really an issue. I put a transfer to party A but at confirmation page it showed party B. Redo it 3x (thought I made an error) and same thing happened. Finally I restarted the whole process to get it fixed.  I really think we need to be extra careful with OCBC. Imagine if I was not careful ‚Ä¶,1,False,App problem,alouyfulmy
242,2022-07-07 09:14:04,This pop up question is annoying. This star thing got no meaning of good or bad or allow me to tell the bank what to improve. I used to get a call with proper questions. And this asking for nickname annoyed me even more esp. when it keeps telling me nickname taken. What do u want to achieve with this. Wasting time really.,1,False,Intercept,popup funk
243,2021-07-01 05:38:04,"Changed to a new phone, the App freezes when registrating OneToken. Blank screen and Unable to move further. I saw similar problems with others, tried delete/re-install the app, same issue - unable to go pass OneToken & PIN registration. Quite infuriating becoz of time wasted trying to make it work‚Ä¶",1,False,SW bugs,dnawk
244,2021-06-18 07:08:03,"The app is always taking a long time to load. Just to log in, the log in page takes Soo long to load. When viewing accounts there will be glitches to the point I have to re open the app a few times before getting to do what I need to do",1,False,Worst app,allyiz
245,2020-12-03 02:32:45,"I have out of access to my account from last 18 hours because of the so called Digital token enabled App. I recommend OCBC should not use advanced features which they can‚Äôt handle. Because of the Token mess, I am not even access Web App too. Suggest OCBC should revert to Physical token and Web App. Pls decom the Mobile App and token",1,False,Non Digital Mobile App,vinodsg
246,2022-02-02 12:01:59,"Can we not have the scam warning screen every single time we open the app? It‚Äôs breaks the flow of using the app, especially Paynow. Because of a few person who fell for the scams, now everyone has to live with this. I think people will close accounts if this persists as I find the app unusable.",1,False,Scam Warning Screen,justin.yong
247,2022-01-30 05:20:19,Please show the funds transfer limit and allow changes of the limit on the app. Thank you.,3,False,Transfer Limit,1Lee2Lee3Lee
248,2021-01-10 04:16:56,"Slow and hangs continually moving from one request to another.  Using this app is time consuming and wonder why OCBC bothers having a banking app.  It will ruin its reputation.  I deleted the app and reinstalled it as suggested by a phone banker, and now I cannot even access it after using my pin as instructed.  Disappointing and have lots to complain.",1,False,Worst banking app,Red Kahlua
249,2023-08-11 06:38:46,"Tried to update my transaction limit and got stuck on the ‚ÄúProcessing‚Äù page for very long, had to kill the app and restart again. Tried again and got stuck again.
Then I tried to transfer money, got stuck again.",1,False,Keeps crashing,Weatherverygood
250,2021-07-02 00:54:25,I my 7 years of association I found bank to be transparent and mindful.,5,False,An honest and efficient bank,BS. Chandra
251,2021-01-21 02:01:11,Wonderful app with features pack,5,False,Wonderful app and features are meeting my needs,sanjiro-san
252,2022-02-01 01:41:07,After successfully keying in the token key my OCBC apps unable to access,5,False,Unable to access apps,Thianyin
253,2023-10-27 04:45:25,"Appreciate if OCBC can improve on UI. If you are not careful after your PayNow transaction, everyone can see your bank savings amount.",3,False,Your savings amount will be displayed if you r not careful,Jieling85
254,2022-10-27 03:09:13,"The app would lag a little more than its competitors.
I would hope to see credit review functions in it as well",3,False,Overall not too bad,Deon Lin
255,2022-10-06 17:16:52,"Dear designer, system analysts, business analysts,

Please think about this, you are using the only smartphone you had to do a fund transfer, and this transaction required OneToken, and the activated device for OneToken is this only smartphone. Please explain, how am I able to get the token key?????????",2,False,Weirdest design ever,E. N. D.
256,2022-04-10 02:50:09,"Annoying notifications and multiple clicks to ack that I‚Äôve read the anti spam notes,",3,False,Annoying feature,jelopineo
257,2021-11-17 06:43:01,I went online to understand that there is this easy Q function under more services tab but I can‚Äôt find this option in the app,3,False,More services easy Q,Qwertylapcjdjdna
258,2022-01-22 20:11:23,I keep trying to login and it‚Äôs say will retrieve my precious access however it doesn‚Äôt work! Warning messages shown that the service is unavailable! Can you fix it? As a software developer I really need to focus on that issue. It‚Äôs not user friendly at all!,1,False,Can‚Äôt even use!!!!,jjqq1516
259,2021-01-15 11:33:42,"Very long loading page time 
Each time if it‚Äôs load too long it kicks me out of the app
Fonts not adjustable to screen size have to set to the smallest font then I am able to view all categories 
Unable to change address over the app 
MOST IMPORTANTLY UNABLE TO CHANGE THE LIMIT OVER THE APP have to go to desktop site to change so troublesome",1,False,Lag,Caiyunshshjshsh
